               epoch,      train/box_loss,      train/obj_loss,      train/cls_loss,   metrics/precision,      metrics/recall,     metrics/mAP_0.5,metrics/mAP_0.5:0.95,        val/box_loss,        val/obj_loss,        val/cls_loss,               x/lr0,               x/lr1,               x/lr2
                   0,             0.10381,            0.030496,            0.043767,          0.00089382,             0.12904,          0.00057009,           0.0001361,            0.066326,            0.013741,            0.027011,            0.070682,           0.0032576,           0.0032576
                   1,            0.098675,            0.029835,            0.044232,            7.41e-05,            0.038328,          5.3764e-05,          1.5179e-05,            0.064292,            0.013218,            0.026937,             0.04066,           0.0065692,           0.0065692
                   2,            0.090184,            0.029746,            0.042407,            0.027096,             0.10511,            0.020604,           0.0074124,            0.058271,            0.014525,            0.072909,            0.010616,           0.0098587,           0.0098587
                   3,            0.082445,            0.028634,            0.041294,             0.10697,             0.17418,            0.049196,            0.016991,            0.065165,             0.26658,             0.13117,            0.009901,            0.009901,            0.009901
                   4,            0.077462,            0.028754,            0.041052,            0.093307,             0.12464,            0.013065,           0.0066095,            0.059942,            0.014327,            0.076166,            0.009901,            0.009901,            0.009901
                   5,            0.075746,            0.027155,             0.04008,           0.0031365,             0.89158,            0.018604,             0.00552,            0.044575,            0.010644,            0.038275,            0.009868,            0.009868,            0.009868
                   6,            0.073874,            0.025913,            0.039834,           0.0022056,             0.55051,            0.017117,           0.0033547,            0.048198,            0.011097,            0.030256,            0.009835,            0.009835,            0.009835
                   7,            0.071204,            0.026441,            0.039982,           0.0020763,             0.45502,           0.0050673,           0.0012544,            0.050394,           0.0066955,            0.045614,            0.009802,            0.009802,            0.009802
                   8,            0.067228,            0.026476,             0.03902,           0.0044141,             0.30547,           0.0036415,           0.0014617,            0.056887,           0.0058779,            0.084478,            0.009769,            0.009769,            0.009769
                   9,            0.066912,            0.027018,            0.039917,           0.0017666,             0.31172,           0.0055796,          0.00078274,            0.054721,           0.0055591,            0.036223,            0.009736,            0.009736,            0.009736
                  10,            0.060863,            0.026545,            0.038385,           0.0021158,             0.55056,           0.0083589,           0.0020225,            0.050389,           0.0078484,            0.024569,            0.009703,            0.009703,            0.009703
                  11,            0.061115,            0.025969,            0.039086,           0.0011258,             0.32328,           0.0015642,          0.00037058,            0.057337,           0.0068023,            0.031535,             0.00967,             0.00967,             0.00967
                  12,            0.060276,            0.026835,            0.039295,           0.0027669,             0.80238,            0.010594,           0.0025596,             0.04294,            0.010158,            0.025616,            0.009637,            0.009637,            0.009637
                  13,            0.059293,            0.026683,            0.038557,           0.0023381,              0.6699,            0.013202,           0.0034931,            0.044996,           0.0097245,            0.024077,            0.009604,            0.009604,            0.009604
                  14,            0.058054,            0.027541,            0.039058,           0.0024716,              0.6935,           0.0096705,           0.0023525,            0.043831,           0.0085366,             0.02424,            0.009571,            0.009571,            0.009571
                  15,            0.055992,            0.027189,            0.039032,             0.29687,            0.055277,            0.015568,            0.003934,             0.04119,           0.0099831,            0.024243,            0.009538,            0.009538,            0.009538
                  16,             0.05316,            0.026207,            0.037101,            0.012279,             0.38949,            0.017788,           0.0045546,            0.041243,           0.0085084,            0.024404,            0.009505,            0.009505,            0.009505
                  17,            0.052443,            0.026186,            0.038027,            0.037048,            0.064201,             0.03416,            0.013777,            0.039401,            0.010008,            0.023155,            0.009472,            0.009472,            0.009472
                  18,            0.052808,            0.025724,            0.038096,            0.058837,            0.062853,            0.062206,            0.022658,            0.036736,           0.0084312,            0.023873,            0.009439,            0.009439,            0.009439
                  19,            0.051433,            0.025456,            0.037601,            0.068351,             0.15068,            0.067619,            0.024642,            0.037903,           0.0093796,            0.023104,            0.009406,            0.009406,            0.009406
                  20,            0.050455,            0.025579,            0.038604,            0.073066,             0.13103,            0.036434,            0.011704,            0.037843,           0.0092591,            0.023758,            0.009373,            0.009373,            0.009373
                  21,            0.049425,            0.024795,            0.037625,             0.32783,             0.14419,            0.065717,            0.019181,            0.038637,           0.0090873,            0.022979,             0.00934,             0.00934,             0.00934
                  22,            0.048771,            0.025771,            0.037911,             0.29104,             0.17405,            0.033553,             0.01138,            0.033984,           0.0083375,            0.023907,            0.009307,            0.009307,            0.009307
                  23,            0.048762,            0.024792,            0.037942,             0.34115,             0.16195,            0.066713,            0.023304,            0.044698,           0.0092828,            0.023573,            0.009274,            0.009274,            0.009274
                  24,            0.050294,            0.024949,            0.040532,             0.28815,            0.055727,            0.036025,            0.012048,            0.044653,            0.010306,              0.0226,            0.009241,            0.009241,            0.009241
                  25,            0.047879,            0.024541,            0.037428,              0.3198,             0.11633,            0.087325,            0.024367,            0.035932,           0.0084035,            0.022892,            0.009208,            0.009208,            0.009208
                  26,            0.048234,            0.025221,            0.038078,             0.32113,            0.079802,            0.033089,           0.0083879,            0.042042,            0.008171,            0.025582,            0.009175,            0.009175,            0.009175
                  27,            0.045383,            0.024368,            0.038473,             0.37351,              0.1614,             0.10251,             0.04165,            0.034201,           0.0083189,            0.022916,            0.009142,            0.009142,            0.009142
                  28,            0.047019,            0.024393,            0.036934,            0.071427,             0.25186,             0.10663,            0.039772,            0.037195,             0.00897,            0.022195,            0.009109,            0.009109,            0.009109
                  29,            0.046031,            0.023897,            0.037443,             0.08722,             0.15781,            0.051851,            0.018857,            0.031153,           0.0090603,            0.022662,            0.009076,            0.009076,            0.009076
                  30,            0.045225,            0.023619,            0.036833,               0.148,             0.21044,             0.14765,            0.056671,            0.031047,            0.007889,            0.022869,            0.009043,            0.009043,            0.009043
                  31,            0.044757,            0.023636,            0.036315,             0.38926,             0.21559,             0.12494,            0.038063,            0.035438,           0.0083231,            0.022003,             0.00901,             0.00901,             0.00901
                  32,              0.0423,            0.023396,            0.035725,             0.12993,             0.27369,             0.15674,            0.063166,            0.031144,           0.0075702,            0.023596,            0.008977,            0.008977,            0.008977
                  33,            0.042869,            0.022834,            0.037019,             0.13975,             0.25764,             0.14632,            0.060585,            0.029526,           0.0086857,            0.023424,            0.008944,            0.008944,            0.008944
                  34,            0.044389,            0.023254,            0.037279,             0.21243,             0.34373,             0.22581,             0.10223,            0.027698,           0.0070062,            0.023272,            0.008911,            0.008911,            0.008911
                  35,            0.040621,            0.022372,            0.036405,              0.2046,             0.28282,             0.18845,            0.087672,            0.029806,           0.0063954,            0.021946,            0.008878,            0.008878,            0.008878
                  36,            0.044147,             0.02207,            0.035973,             0.44913,             0.44787,             0.25819,             0.11437,            0.028296,           0.0079044,            0.021431,            0.008845,            0.008845,            0.008845
                  37,            0.042171,            0.021391,            0.037418,             0.50434,             0.44164,             0.28569,             0.12728,            0.027169,           0.0081898,            0.021327,            0.008812,            0.008812,            0.008812
                  38,            0.040444,            0.021144,             0.03607,             0.19904,             0.28133,             0.18148,            0.082257,            0.030637,           0.0073169,            0.020791,            0.008779,            0.008779,            0.008779
                  39,            0.041916,            0.022219,            0.036739,             0.48429,             0.21732,             0.14249,            0.061672,             0.03692,           0.0069969,            0.022289,            0.008746,            0.008746,            0.008746
                  40,            0.040597,             0.02163,            0.037022,             0.11395,              0.2115,             0.13036,            0.065396,            0.026962,           0.0077539,            0.022301,            0.008713,            0.008713,            0.008713
                  41,            0.040565,            0.021618,            0.037355,             0.22169,             0.37654,             0.24712,             0.11953,            0.025423,           0.0073586,            0.022249,             0.00868,             0.00868,             0.00868
                  42,            0.038596,            0.020827,            0.034679,             0.26439,             0.44498,             0.28708,             0.14017,            0.030348,           0.0063697,            0.020707,            0.008647,            0.008647,            0.008647
                  43,            0.040406,            0.021294,            0.036253,             0.41003,             0.14869,             0.11264,             0.04747,            0.036298,           0.0068175,            0.022457,            0.008614,            0.008614,            0.008614
                  44,            0.039497,            0.021322,             0.03604,             0.60792,             0.40562,             0.34136,              0.1472,            0.027851,           0.0068269,            0.018874,            0.008581,            0.008581,            0.008581
                  45,            0.040342,            0.020816,            0.036165,             0.30172,             0.42106,             0.36684,             0.21527,             0.02506,           0.0063832,            0.021589,            0.008548,            0.008548,            0.008548
                  46,            0.039764,            0.019796,            0.036613,              0.6419,             0.47725,             0.39054,             0.21944,            0.026593,           0.0065847,            0.020198,            0.008515,            0.008515,            0.008515
                  47,            0.037237,            0.019775,            0.034186,             0.62714,             0.45634,             0.43413,             0.24867,            0.024852,           0.0061824,            0.018543,            0.008482,            0.008482,            0.008482
                  48,            0.040416,            0.020509,            0.035512,             0.49205,             0.27998,             0.20886,            0.097559,            0.029941,           0.0066755,            0.023107,            0.008449,            0.008449,            0.008449
                  49,            0.037187,            0.019082,            0.034605,             0.54756,             0.47942,              0.3651,             0.21729,             0.02346,           0.0067441,            0.022627,            0.008416,            0.008416,            0.008416
                  50,            0.038682,            0.019433,            0.035261,             0.51545,             0.45805,             0.32885,              0.1862,            0.023975,           0.0076571,            0.020711,            0.008383,            0.008383,            0.008383
                  51,            0.036787,            0.019371,            0.034037,              0.6074,             0.34295,             0.30351,             0.15295,            0.030281,           0.0059223,            0.020295,             0.00835,             0.00835,             0.00835
                  52,            0.035782,            0.018963,            0.034473,              0.3566,             0.45968,             0.41399,             0.24501,            0.026382,           0.0058913,             0.01885,            0.008317,            0.008317,            0.008317
                  53,            0.039181,            0.018937,            0.034517,             0.63597,             0.50783,             0.48324,             0.29828,            0.023077,           0.0056224,            0.017739,            0.008284,            0.008284,            0.008284
                  54,            0.035413,            0.018443,            0.033459,             0.57719,             0.44235,             0.38396,             0.23336,            0.023809,           0.0060993,            0.017529,            0.008251,            0.008251,            0.008251
                  55,            0.038434,            0.018672,            0.034666,             0.34471,             0.49244,             0.46919,             0.29925,            0.022485,           0.0055764,            0.017397,            0.008218,            0.008218,            0.008218
                  56,            0.036704,            0.018122,             0.03301,             0.37375,              0.4988,             0.41922,             0.25972,            0.022604,           0.0058155,            0.017864,            0.008185,            0.008185,            0.008185
                  57,             0.03779,            0.018545,            0.034118,             0.39114,             0.42559,             0.41874,             0.26103,            0.022372,           0.0059517,            0.019356,            0.008152,            0.008152,            0.008152
                  58,            0.037163,            0.018562,            0.034822,             0.37341,             0.62426,             0.46787,             0.28523,            0.023341,           0.0059072,            0.018274,            0.008119,            0.008119,            0.008119
                  59,              0.0369,            0.017825,            0.033659,             0.67443,             0.53531,             0.53548,             0.32784,            0.021299,           0.0065814,            0.017041,            0.008086,            0.008086,            0.008086
                  60,            0.035786,            0.018132,            0.034118,              0.4047,             0.37054,             0.36005,              0.2171,            0.024927,           0.0055636,            0.020756,            0.008053,            0.008053,            0.008053
                  61,             0.03663,            0.018094,            0.033332,             0.69735,             0.50549,             0.51086,             0.34423,            0.022003,           0.0055106,            0.017113,             0.00802,             0.00802,             0.00802
                  62,            0.035807,            0.018004,            0.032517,             0.41423,             0.44703,             0.41043,             0.26978,            0.022268,           0.0054253,            0.022537,            0.007987,            0.007987,            0.007987
                  63,             0.03381,            0.017503,            0.033055,             0.44176,              0.6054,             0.51908,             0.34951,            0.020821,           0.0050047,            0.015484,            0.007954,            0.007954,            0.007954
                  64,            0.034343,            0.016878,            0.033842,             0.45221,              0.6657,             0.53058,             0.35022,            0.020423,            0.005102,             0.01505,            0.007921,            0.007921,            0.007921
                  65,            0.034407,            0.016893,            0.032353,             0.48616,             0.64431,             0.52742,             0.34383,             0.02026,           0.0052658,            0.019165,            0.007888,            0.007888,            0.007888
                  66,            0.033417,            0.017235,            0.032748,             0.40758,             0.57553,             0.47249,             0.32929,            0.021021,           0.0050899,            0.016429,            0.007855,            0.007855,            0.007855
                  67,            0.034496,            0.017251,            0.033211,             0.44245,             0.41621,             0.34984,             0.21606,            0.025147,           0.0058441,            0.021084,            0.007822,            0.007822,            0.007822
                  68,            0.035116,            0.016796,            0.032298,             0.53054,              0.6091,             0.55512,             0.36958,            0.022748,           0.0049635,            0.015891,            0.007789,            0.007789,            0.007789
                  69,             0.03513,            0.016324,            0.031967,             0.40672,             0.54656,             0.47868,             0.29533,            0.022268,           0.0057702,            0.016887,            0.007756,            0.007756,            0.007756
                  70,            0.033449,            0.016647,             0.03115,              0.4297,             0.52512,             0.42401,             0.27268,            0.021142,           0.0064267,            0.019975,            0.007723,            0.007723,            0.007723
                  71,            0.034679,            0.016407,            0.031617,             0.50275,             0.51303,             0.46833,             0.28781,             0.02227,           0.0054964,            0.016687,             0.00769,             0.00769,             0.00769
                  72,            0.034674,            0.017016,            0.032765,             0.50789,             0.57011,              0.5828,             0.40472,            0.021195,           0.0053858,            0.013906,            0.007657,            0.007657,            0.007657
                  73,            0.032726,            0.016041,            0.031979,             0.64235,             0.62826,             0.64241,             0.46265,            0.019617,           0.0053445,            0.015364,            0.007624,            0.007624,            0.007624
                  74,            0.033838,            0.016261,            0.030691,             0.55538,             0.56689,             0.59686,             0.40433,            0.020299,           0.0047022,            0.013774,            0.007591,            0.007591,            0.007591
                  75,            0.034998,            0.016853,            0.032339,             0.60939,             0.66682,             0.64939,             0.46409,            0.019477,           0.0051977,            0.015128,            0.007558,            0.007558,            0.007558
                  76,            0.033234,            0.016662,            0.031975,             0.62268,             0.64648,             0.62059,             0.43594,            0.020206,           0.0055256,            0.014062,            0.007525,            0.007525,            0.007525
                  77,            0.031229,            0.015143,            0.030847,             0.59517,             0.71538,              0.6838,             0.49522,            0.018941,           0.0046578,            0.012324,            0.007492,            0.007492,            0.007492
                  78,            0.032368,            0.016077,            0.031307,             0.49878,             0.61674,             0.55258,             0.37148,            0.021267,           0.0052916,            0.015189,            0.007459,            0.007459,            0.007459
                  79,            0.033218,            0.015916,            0.031026,             0.56942,             0.63766,             0.60777,             0.40297,            0.022913,           0.0050108,            0.013325,            0.007426,            0.007426,            0.007426
                  80,            0.032223,            0.015803,            0.030694,             0.67826,             0.66815,              0.7084,             0.53608,            0.018979,           0.0047418,            0.012826,            0.007393,            0.007393,            0.007393
                  81,            0.030708,            0.015433,            0.028724,             0.67401,             0.68845,             0.69768,             0.46072,             0.01972,           0.0049377,            0.011788,             0.00736,             0.00736,             0.00736
                  82,            0.031534,             0.01591,            0.030283,             0.54877,             0.66094,             0.57561,              0.3939,            0.019574,           0.0047786,            0.015114,            0.007327,            0.007327,            0.007327
                  83,            0.032797,            0.015727,            0.030949,             0.61065,             0.65886,             0.68173,              0.5045,            0.019112,           0.0045989,            0.011601,            0.007294,            0.007294,            0.007294
                  84,            0.032349,            0.015445,            0.030482,             0.68201,             0.61799,             0.68252,             0.45231,            0.019936,           0.0049112,             0.01377,            0.007261,            0.007261,            0.007261
                  85,            0.029702,            0.015091,             0.02999,             0.65105,             0.61955,             0.66184,              0.4798,             0.01986,           0.0046237,            0.011769,            0.007228,            0.007228,            0.007228
                  86,            0.031557,            0.014836,            0.029197,             0.61975,             0.70955,             0.68931,             0.52579,            0.018893,           0.0044764,            0.011968,            0.007195,            0.007195,            0.007195
                  87,             0.03164,            0.015064,            0.028705,             0.57781,             0.60428,             0.59759,              0.3711,            0.019789,           0.0048939,            0.013061,            0.007162,            0.007162,            0.007162
                  88,            0.030657,            0.015281,            0.029169,             0.47264,             0.37171,             0.35638,             0.23668,            0.024906,           0.0055547,            0.040006,            0.007129,            0.007129,            0.007129
                  89,            0.029758,            0.015405,            0.029996,             0.64369,             0.70486,             0.71384,             0.50975,              0.0188,           0.0044025,             0.01046,            0.007096,            0.007096,            0.007096
                  90,            0.030644,            0.014996,            0.030983,             0.71594,             0.70841,             0.72888,             0.53922,            0.017424,           0.0048147,           0.0097618,            0.007063,            0.007063,            0.007063
                  91,             0.03031,            0.015086,            0.028187,             0.69193,             0.68639,             0.74132,             0.53744,            0.017198,           0.0045381,            0.010729,             0.00703,             0.00703,             0.00703
                  92,            0.032572,             0.01502,            0.030324,             0.65547,             0.70366,             0.72076,             0.53781,            0.017117,           0.0045533,             0.01113,            0.006997,            0.006997,            0.006997
                  93,            0.029512,            0.014955,            0.028568,              0.6191,             0.72355,             0.67204,             0.48829,            0.018112,           0.0045706,            0.011437,            0.006964,            0.006964,            0.006964
                  94,            0.029832,            0.014402,            0.027825,             0.64249,             0.75653,             0.71817,              0.5261,            0.018359,           0.0043815,           0.0097714,            0.006931,            0.006931,            0.006931
                  95,            0.030472,            0.014454,            0.028115,             0.63825,             0.73528,             0.67855,             0.52665,            0.017758,           0.0042032,            0.011166,            0.006898,            0.006898,            0.006898
                  96,            0.030323,            0.013878,            0.030301,             0.74529,             0.78394,             0.79328,             0.58386,            0.017951,           0.0041959,           0.0097414,            0.006865,            0.006865,            0.006865
                  97,            0.030728,             0.01486,            0.028632,             0.66232,              0.6695,             0.69443,             0.50604,            0.018803,           0.0045491,            0.011195,            0.006832,            0.006832,            0.006832
                  98,            0.031119,            0.014394,            0.029039,             0.67646,             0.71465,             0.72636,              0.5385,            0.018379,           0.0043544,            0.008529,            0.006799,            0.006799,            0.006799
                  99,            0.030356,            0.014436,            0.028557,             0.71524,             0.72785,             0.74992,             0.55133,            0.019161,           0.0044582,            0.011495,            0.006766,            0.006766,            0.006766
                 100,            0.028945,            0.014011,            0.026977,             0.65889,              0.6946,             0.70892,             0.50404,            0.019677,           0.0043271,            0.010473,            0.006733,            0.006733,            0.006733
                 101,            0.028129,            0.014238,            0.027972,             0.70668,             0.76955,             0.75774,             0.55564,            0.018608,           0.0043456,           0.0094646,              0.0067,              0.0067,              0.0067
                 102,            0.030446,            0.014276,            0.027587,             0.61211,             0.72792,             0.67063,             0.51389,            0.017872,           0.0040902,            0.013184,            0.006667,            0.006667,            0.006667
                 103,            0.031059,            0.014743,            0.029176,             0.62239,             0.73507,             0.68943,             0.46295,            0.019493,           0.0049477,            0.010618,            0.006634,            0.006634,            0.006634
                 104,             0.02817,            0.014045,            0.027838,             0.55698,             0.62223,              0.5838,             0.39581,            0.021274,           0.0050084,             0.01544,            0.006601,            0.006601,            0.006601
                 105,            0.028146,            0.014308,            0.026747,             0.71406,             0.79576,              0.8027,              0.5793,            0.017702,           0.0043938,           0.0083514,            0.006568,            0.006568,            0.006568
                 106,            0.031161,            0.014052,            0.029211,             0.74221,             0.76929,             0.77435,             0.58312,             0.01877,           0.0040375,           0.0097124,            0.006535,            0.006535,            0.006535
                 107,            0.028335,            0.013389,            0.025991,             0.73915,             0.71419,             0.77263,             0.58068,            0.018231,           0.0042039,            0.007919,            0.006502,            0.006502,            0.006502
                 108,            0.028234,            0.013695,            0.025733,              0.7784,             0.59692,             0.67378,             0.51602,            0.019619,           0.0042765,            0.014012,            0.006469,            0.006469,            0.006469
                 109,            0.029233,            0.014129,             0.02698,             0.75227,             0.71032,             0.79329,             0.57605,            0.018827,           0.0039393,           0.0097022,            0.006436,            0.006436,            0.006436
                 110,            0.028601,            0.013901,            0.026836,             0.76308,             0.72476,             0.81566,             0.62928,            0.017242,           0.0040621,            0.009883,            0.006403,            0.006403,            0.006403
                 111,            0.028338,            0.013993,            0.027552,             0.87024,              0.6869,             0.84071,             0.64361,            0.017372,           0.0040864,           0.0093097,             0.00637,             0.00637,             0.00637
                 112,            0.029611,            0.014013,            0.026815,             0.80448,             0.67353,             0.77422,             0.60612,            0.017837,           0.0038766,           0.0086376,            0.006337,            0.006337,            0.006337
                 113,            0.028059,            0.013601,            0.026796,             0.72015,              0.6882,             0.76502,             0.55601,            0.017934,           0.0042313,           0.0080086,            0.006304,            0.006304,            0.006304
                 114,            0.027769,             0.01364,            0.026356,             0.73712,             0.78439,             0.78413,             0.61216,            0.017244,           0.0042232,           0.0087032,            0.006271,            0.006271,            0.006271
                 115,            0.028144,            0.013373,            0.025565,             0.74018,             0.76416,             0.76416,             0.58002,            0.017017,           0.0038818,           0.0084767,            0.006238,            0.006238,            0.006238
                 116,              0.0266,            0.013607,            0.027032,             0.72084,             0.66951,             0.74132,             0.57387,            0.017884,            0.004207,             0.01216,            0.006205,            0.006205,            0.006205
                 117,             0.02839,            0.013392,            0.025681,             0.80049,             0.69432,             0.79963,             0.59023,            0.019021,           0.0040856,           0.0096953,            0.006172,            0.006172,            0.006172
                 118,            0.028685,            0.013885,            0.027362,             0.84255,             0.75068,             0.85335,             0.64289,            0.018928,            0.003831,           0.0081556,            0.006139,            0.006139,            0.006139
                 119,            0.029481,            0.013167,            0.026227,             0.81323,             0.72967,             0.82923,             0.63915,            0.017461,           0.0037887,           0.0082799,            0.006106,            0.006106,            0.006106
                 120,            0.027565,            0.013517,            0.026473,             0.72048,             0.75605,             0.78672,             0.58828,            0.018482,           0.0044258,           0.0086246,            0.006073,            0.006073,            0.006073
                 121,            0.028573,            0.013196,            0.026022,             0.79755,             0.77851,             0.83464,             0.66708,            0.016035,           0.0038654,           0.0079548,             0.00604,             0.00604,             0.00604
                 122,            0.027092,            0.013391,            0.025414,             0.81215,             0.77162,             0.80535,             0.63341,            0.016229,           0.0036967,           0.0087878,            0.006007,            0.006007,            0.006007
                 123,            0.025551,            0.012833,            0.025825,             0.84371,             0.77469,             0.83248,             0.67012,            0.016373,           0.0036779,           0.0082406,            0.005974,            0.005974,            0.005974
                 124,            0.027039,            0.012752,            0.025179,             0.84191,             0.81161,              0.8512,             0.65577,            0.016496,           0.0038349,           0.0066463,            0.005941,            0.005941,            0.005941
                 125,            0.026901,            0.013295,            0.023715,             0.74178,             0.84143,             0.84323,             0.66539,            0.017497,           0.0035582,           0.0078226,            0.005908,            0.005908,            0.005908
                 126,            0.026001,            0.013021,            0.023952,              0.7281,             0.77978,             0.80706,              0.6339,            0.017148,           0.0037356,           0.0084202,            0.005875,            0.005875,            0.005875
                 127,            0.027981,            0.012902,            0.025096,             0.65406,             0.65835,             0.70854,             0.53126,            0.019951,           0.0045865,            0.012392,            0.005842,            0.005842,            0.005842
                 128,            0.025963,            0.012781,            0.022996,             0.86046,             0.80568,              0.8644,             0.66432,            0.018023,            0.003867,            0.006031,            0.005809,            0.005809,            0.005809
                 129,            0.027659,            0.012938,            0.024525,              0.7554,             0.81733,             0.83614,             0.65215,            0.016907,           0.0038836,           0.0070232,            0.005776,            0.005776,            0.005776
                 130,            0.025962,            0.012627,            0.022502,             0.83331,             0.67188,             0.78845,             0.62463,            0.019902,           0.0037924,             0.01151,            0.005743,            0.005743,            0.005743
                 131,            0.026726,            0.012489,            0.024393,             0.79416,             0.69558,             0.82293,             0.63362,             0.01772,           0.0039612,           0.0074232,             0.00571,             0.00571,             0.00571
                 132,            0.026889,            0.012843,             0.02358,             0.79541,              0.7593,             0.85379,             0.67561,            0.017717,           0.0035587,           0.0062516,            0.005677,            0.005677,            0.005677
                 133,            0.027076,            0.012696,            0.024036,              0.8589,             0.79467,              0.8845,             0.71474,            0.016477,           0.0037778,           0.0055451,            0.005644,            0.005644,            0.005644
                 134,            0.026982,             0.01315,            0.024279,             0.75006,             0.79521,             0.83473,             0.66714,            0.019072,           0.0036655,           0.0069805,            0.005611,            0.005611,            0.005611
                 135,            0.026157,            0.012766,            0.023601,             0.66693,             0.57983,             0.67003,             0.49174,            0.020269,           0.0047347,             0.01245,            0.005578,            0.005578,            0.005578
                 136,            0.025845,             0.01269,             0.02562,             0.82161,             0.82555,             0.88151,             0.69201,            0.018604,           0.0038132,           0.0061361,            0.005545,            0.005545,            0.005545
                 137,            0.023073,            0.012244,            0.022647,             0.68401,             0.69682,              0.7718,             0.57382,            0.018965,           0.0043847,             0.01185,            0.005512,            0.005512,            0.005512
                 138,            0.027432,            0.012353,            0.022454,             0.78608,             0.72607,             0.76775,             0.61161,            0.018023,            0.003838,           0.0096196,            0.005479,            0.005479,            0.005479
                 139,            0.025925,            0.011963,            0.023547,             0.67055,             0.60041,              0.6782,              0.4877,            0.025164,           0.0049178,            0.013338,            0.005446,            0.005446,            0.005446
                 140,            0.025113,            0.012615,            0.023759,              0.7683,             0.74382,             0.82869,             0.65403,            0.017186,           0.0039098,           0.0061954,            0.005413,            0.005413,            0.005413
                 141,            0.027059,            0.012579,            0.025795,             0.70568,             0.74378,             0.78459,             0.57837,             0.01734,           0.0039765,           0.0083163,             0.00538,             0.00538,             0.00538
                 142,            0.026518,            0.012635,            0.022914,             0.79856,             0.88534,             0.90313,             0.72355,            0.016833,           0.0035371,           0.0061181,            0.005347,            0.005347,            0.005347
                 143,            0.026372,            0.012267,            0.023496,             0.77619,             0.79221,             0.83832,             0.62071,            0.018861,           0.0038136,           0.0077001,            0.005314,            0.005314,            0.005314
                 144,             0.02628,            0.012751,            0.022666,             0.89028,              0.7837,              0.8939,             0.70163,            0.016013,           0.0037443,           0.0068628,            0.005281,            0.005281,            0.005281
                 145,            0.025396,            0.012015,            0.023849,             0.80797,             0.83607,             0.86987,             0.67342,            0.015895,           0.0036118,           0.0058276,            0.005248,            0.005248,            0.005248
                 146,            0.025676,            0.012353,            0.021831,             0.77876,             0.84171,             0.86225,             0.68914,            0.015403,           0.0035235,           0.0053156,            0.005215,            0.005215,            0.005215
                 147,            0.024435,            0.012099,            0.023492,             0.81338,             0.83648,             0.86966,             0.68461,            0.016215,           0.0035643,           0.0055274,            0.005182,            0.005182,            0.005182
                 148,            0.025672,            0.012183,            0.021346,             0.83574,             0.80682,              0.8712,             0.70946,            0.015603,           0.0034422,           0.0063924,            0.005149,            0.005149,            0.005149
                 149,            0.022823,            0.011725,            0.020678,             0.89778,              0.8064,              0.8949,             0.73401,            0.015477,           0.0034533,           0.0062138,            0.005116,            0.005116,            0.005116
                 150,            0.025704,            0.012396,            0.022565,              0.6595,             0.54229,             0.62345,             0.41036,            0.022263,           0.0052427,            0.017564,            0.005083,            0.005083,            0.005083
                 151,            0.025917,            0.012362,            0.022948,             0.79507,             0.77927,             0.83084,             0.64401,            0.016637,           0.0038011,           0.0098753,             0.00505,             0.00505,             0.00505
                 152,            0.025721,            0.012769,            0.024287,               0.853,             0.83919,             0.87218,             0.69229,            0.015006,           0.0035947,           0.0081946,            0.005017,            0.005017,            0.005017
                 153,            0.024968,            0.012667,            0.022252,             0.76325,             0.75087,             0.81705,             0.62449,            0.016162,           0.0038524,            0.010918,            0.004984,            0.004984,            0.004984
                 154,            0.025413,            0.011956,            0.022318,             0.83516,              0.8091,             0.85253,              0.6874,            0.015392,           0.0035079,           0.0089869,            0.004951,            0.004951,            0.004951
                 155,            0.024442,            0.012143,            0.022894,             0.87302,             0.83557,             0.90082,             0.74192,            0.015779,            0.003718,           0.0046504,            0.004918,            0.004918,            0.004918
                 156,            0.024489,            0.011832,            0.022584,             0.84695,             0.82716,             0.87745,              0.7074,            0.015447,           0.0035483,           0.0053977,            0.004885,            0.004885,            0.004885
                 157,             0.02495,            0.012344,            0.023237,             0.85452,             0.77219,             0.82615,             0.68086,            0.015179,           0.0035111,           0.0063614,            0.004852,            0.004852,            0.004852
                 158,             0.02451,            0.011956,            0.021948,             0.66412,             0.75983,             0.77638,              0.6038,            0.016499,           0.0040305,            0.010157,            0.004819,            0.004819,            0.004819
                 159,            0.023401,            0.012104,            0.023075,             0.85772,             0.79498,             0.87844,             0.71515,            0.016096,           0.0035025,           0.0059962,            0.004786,            0.004786,            0.004786
                 160,            0.023956,            0.012103,            0.021664,             0.88801,             0.82745,             0.89492,             0.73106,            0.016042,           0.0036558,           0.0055478,            0.004753,            0.004753,            0.004753
                 161,             0.02446,            0.012115,            0.021755,             0.75873,              0.8097,             0.85048,              0.6852,            0.016274,           0.0037147,           0.0058612,             0.00472,             0.00472,             0.00472
                 162,            0.026683,            0.012186,            0.020857,             0.71622,             0.65065,             0.74614,             0.57478,            0.017177,           0.0035948,            0.014472,            0.004687,            0.004687,            0.004687
                 163,            0.025121,            0.012386,            0.022479,             0.82237,             0.80249,             0.87092,             0.71284,            0.017012,           0.0034196,           0.0068348,            0.004654,            0.004654,            0.004654
                 164,             0.02298,            0.011838,            0.022109,             0.71793,             0.67589,             0.73404,             0.55236,            0.019012,           0.0044611,            0.011297,            0.004621,            0.004621,            0.004621
                 165,            0.025028,            0.011984,            0.022432,             0.89148,             0.83572,             0.88563,             0.72302,            0.016631,           0.0034273,           0.0055078,            0.004588,            0.004588,            0.004588
                 166,            0.024321,            0.011757,             0.02104,             0.92324,             0.80761,             0.90315,                0.73,            0.015972,           0.0033394,           0.0053859,            0.004555,            0.004555,            0.004555
                 167,            0.023855,            0.011266,            0.021685,             0.84416,             0.83707,             0.88184,              0.7103,            0.015891,           0.0034548,           0.0059464,            0.004522,            0.004522,            0.004522
                 168,            0.025754,              0.0121,            0.021678,             0.84352,             0.77205,             0.86507,             0.70704,            0.016774,           0.0034907,           0.0075761,            0.004489,            0.004489,            0.004489
                 169,            0.024075,            0.011524,            0.021408,             0.86071,             0.74223,              0.8648,             0.70101,            0.017361,           0.0035314,           0.0054082,            0.004456,            0.004456,            0.004456
                 170,            0.023757,            0.012056,            0.019547,             0.88525,             0.83175,             0.88885,             0.72676,            0.015798,           0.0033278,           0.0051996,            0.004423,            0.004423,            0.004423
                 171,            0.022668,            0.011336,             0.02258,             0.85317,             0.85406,             0.90897,             0.73815,            0.015941,           0.0033695,           0.0053286,             0.00439,             0.00439,             0.00439
                 172,            0.022762,            0.011735,            0.020955,             0.81738,             0.81099,             0.85962,             0.71646,            0.015251,           0.0032186,           0.0063792,            0.004357,            0.004357,            0.004357
                 173,            0.023575,            0.011766,            0.021009,             0.76098,             0.76201,             0.76563,             0.59761,            0.016958,            0.003943,           0.0084073,            0.004324,            0.004324,            0.004324
                 174,            0.023684,            0.011568,            0.021783,             0.89813,             0.85969,             0.89356,             0.73689,            0.015562,           0.0031986,           0.0058193,            0.004291,            0.004291,            0.004291
                 175,            0.023741,             0.01167,            0.020239,             0.63843,             0.53085,             0.63246,             0.42293,            0.019387,           0.0050755,            0.012349,            0.004258,            0.004258,            0.004258
                 176,            0.024763,            0.012406,            0.020389,             0.86633,             0.84934,             0.90357,             0.75316,            0.015658,           0.0037736,           0.0061341,            0.004225,            0.004225,            0.004225
                 177,            0.023546,            0.011789,             0.02033,             0.91703,             0.86194,             0.92267,             0.74787,            0.015926,           0.0034158,           0.0036333,            0.004192,            0.004192,            0.004192
                 178,            0.025031,             0.01189,             0.01886,             0.75939,             0.68669,             0.77667,             0.60746,            0.017378,           0.0039918,            0.011879,            0.004159,            0.004159,            0.004159
                 179,            0.024106,            0.011592,             0.02043,             0.87483,             0.84524,             0.91484,             0.75663,            0.015629,           0.0034153,           0.0056588,            0.004126,            0.004126,            0.004126
                 180,            0.023505,            0.011802,            0.022244,             0.88804,             0.86781,             0.92266,             0.75242,             0.01601,           0.0033966,           0.0054251,            0.004093,            0.004093,            0.004093
                 181,            0.022061,            0.011471,            0.021468,              0.8603,             0.85113,             0.88942,             0.73454,            0.014684,           0.0033166,             0.00652,             0.00406,             0.00406,             0.00406
                 182,            0.022435,            0.011557,            0.019513,             0.85105,             0.81997,             0.89116,             0.72341,            0.014939,           0.0032854,            0.006098,            0.004027,            0.004027,            0.004027
                 183,            0.021715,            0.010888,            0.020081,             0.83047,              0.8537,             0.89196,             0.74323,            0.016145,           0.0033282,           0.0037967,            0.003994,            0.003994,            0.003994
                 184,            0.022155,            0.011497,            0.019762,             0.86245,             0.88453,             0.92562,             0.77826,            0.014859,           0.0032654,           0.0047906,            0.003961,            0.003961,            0.003961
                 185,            0.023665,            0.011265,            0.019202,             0.88885,             0.91355,              0.9302,             0.79484,            0.014039,           0.0030788,           0.0058807,            0.003928,            0.003928,            0.003928
                 186,             0.02391,            0.011619,            0.020011,             0.86324,             0.85874,             0.89976,             0.75161,            0.014601,           0.0032724,           0.0055802,            0.003895,            0.003895,            0.003895
                 187,            0.023687,            0.011785,            0.021181,             0.91414,             0.83551,             0.89885,             0.74529,             0.01443,           0.0032791,           0.0052673,            0.003862,            0.003862,            0.003862
                 188,            0.023169,            0.011606,            0.022586,             0.86368,             0.81817,             0.90073,             0.75263,            0.013499,           0.0031985,            0.005559,            0.003829,            0.003829,            0.003829
                 189,            0.024348,            0.011426,            0.020557,             0.89383,             0.83911,             0.88946,              0.7375,             0.01536,           0.0031165,           0.0061824,            0.003796,            0.003796,            0.003796
                 190,            0.022237,            0.011441,            0.019655,             0.91694,             0.79835,             0.90633,             0.77221,            0.013829,           0.0030866,           0.0062512,            0.003763,            0.003763,            0.003763
                 191,            0.023893,            0.011438,            0.019625,             0.84911,              0.8354,             0.88648,             0.73581,            0.014537,           0.0033975,           0.0055656,             0.00373,             0.00373,             0.00373
                 192,            0.023492,             0.01158,            0.021355,             0.85076,             0.87302,             0.90299,             0.74424,            0.014791,           0.0034887,           0.0053742,            0.003697,            0.003697,            0.003697
                 193,            0.021625,            0.011571,            0.018643,             0.80176,             0.85779,             0.89998,             0.74936,            0.015377,           0.0032438,           0.0058541,            0.003664,            0.003664,            0.003664
                 194,            0.022008,            0.011057,            0.019533,             0.87051,              0.8299,             0.91449,              0.7764,            0.014915,           0.0029884,           0.0059233,            0.003631,            0.003631,            0.003631
                 195,            0.023088,             0.01109,            0.022433,             0.86501,             0.83151,             0.89714,             0.75031,            0.015111,           0.0030291,           0.0049916,            0.003598,            0.003598,            0.003598
                 196,            0.022752,            0.011345,            0.019233,             0.89657,              0.8352,             0.91384,             0.77645,            0.014521,           0.0031262,           0.0061194,            0.003565,            0.003565,            0.003565
                 197,            0.023724,            0.011124,            0.019357,             0.90187,             0.85929,             0.92658,             0.76729,            0.014688,            0.003255,           0.0061135,            0.003532,            0.003532,            0.003532
                 198,            0.023363,            0.011025,            0.019226,             0.86356,             0.83322,             0.87828,             0.73592,            0.014218,           0.0033462,           0.0065885,            0.003499,            0.003499,            0.003499
                 199,            0.022193,            0.011155,            0.021537,             0.87524,             0.86317,             0.91179,             0.76442,            0.014985,           0.0032831,           0.0054325,            0.003466,            0.003466,            0.003466
                 200,            0.021568,            0.010955,            0.018471,             0.88539,             0.80826,             0.88091,             0.74851,            0.014275,           0.0031003,           0.0058444,            0.003433,            0.003433,            0.003433
                 201,            0.021959,            0.011097,            0.018555,             0.83434,             0.83853,             0.85635,                0.71,            0.015051,           0.0032961,           0.0061705,              0.0034,              0.0034,              0.0034
                 202,            0.023465,            0.011191,            0.020069,             0.86813,             0.87693,             0.91458,             0.76008,            0.014713,           0.0031368,           0.0048956,            0.003367,            0.003367,            0.003367
                 203,            0.021839,            0.010528,            0.017194,             0.90032,             0.87423,             0.92635,             0.77419,            0.014533,           0.0030822,           0.0050928,            0.003334,            0.003334,            0.003334
                 204,            0.023782,            0.011149,            0.020288,             0.89554,             0.88841,             0.92573,              0.7531,            0.014186,           0.0031985,           0.0041461,            0.003301,            0.003301,            0.003301
                 205,            0.022585,            0.011183,            0.021241,             0.89971,             0.88879,              0.9174,             0.76063,            0.015724,           0.0032806,           0.0043133,            0.003268,            0.003268,            0.003268
                 206,             0.02158,            0.010896,            0.018877,             0.91098,              0.8711,             0.91264,             0.76984,             0.01394,           0.0031781,           0.0047729,            0.003235,            0.003235,            0.003235
                 207,            0.022128,            0.010791,            0.018394,             0.90019,             0.87126,             0.91372,             0.78959,            0.014133,           0.0030992,           0.0048975,            0.003202,            0.003202,            0.003202
                 208,            0.021588,            0.010736,             0.01953,             0.90733,             0.81668,             0.90467,             0.78155,            0.014675,           0.0031489,            0.005289,            0.003169,            0.003169,            0.003169
                 209,            0.021561,            0.011048,            0.017764,             0.81974,             0.79233,             0.83477,             0.70311,            0.014135,           0.0032617,           0.0084339,            0.003136,            0.003136,            0.003136
                 210,            0.022162,            0.010908,            0.019586,             0.88979,             0.84801,              0.9072,             0.75687,            0.014757,           0.0031938,           0.0051259,            0.003103,            0.003103,            0.003103
                 211,            0.021336,            0.010524,            0.018304,             0.86192,             0.88386,              0.9115,              0.7922,            0.013932,            0.003034,           0.0049433,             0.00307,             0.00307,             0.00307
                 212,             0.02207,            0.011048,            0.019654,             0.88659,             0.87102,             0.92823,              0.8057,             0.01399,           0.0029247,           0.0049951,            0.003037,            0.003037,            0.003037
                 213,            0.021784,            0.010625,            0.018371,             0.92285,             0.87163,             0.92632,             0.78737,             0.01372,            0.003038,           0.0063122,            0.003004,            0.003004,            0.003004
                 214,             0.02206,            0.011114,            0.018969,             0.90788,             0.86804,             0.92993,             0.76601,            0.014568,           0.0031371,            0.005924,            0.002971,            0.002971,            0.002971
                 215,            0.021495,            0.010301,            0.018721,             0.86347,             0.82051,              0.8818,             0.73859,             0.01437,           0.0031619,           0.0086072,            0.002938,            0.002938,            0.002938
                 216,            0.022876,            0.010975,            0.018924,             0.89663,             0.88512,             0.93178,             0.78712,            0.014621,           0.0030049,           0.0051961,            0.002905,            0.002905,            0.002905
                 217,            0.022023,            0.010883,            0.017508,             0.85045,             0.85646,              0.9019,             0.75185,            0.015315,           0.0032579,           0.0055821,            0.002872,            0.002872,            0.002872
                 218,            0.021963,            0.011025,            0.019156,             0.86765,             0.83696,             0.90504,             0.77852,            0.014251,           0.0030323,           0.0049873,            0.002839,            0.002839,            0.002839
                 219,            0.021415,            0.010846,            0.017638,             0.82511,             0.86286,             0.89739,             0.76226,            0.014736,            0.003166,           0.0053216,            0.002806,            0.002806,            0.002806
                 220,            0.022933,            0.011088,            0.019162,             0.82303,             0.90326,             0.90981,             0.76107,            0.015739,           0.0031735,           0.0055553,            0.002773,            0.002773,            0.002773
                 221,            0.022087,            0.010616,            0.018688,             0.87542,             0.89729,             0.93262,             0.79554,            0.014844,           0.0031284,           0.0036548,             0.00274,             0.00274,             0.00274
                 222,            0.020199,            0.010537,             0.01667,              0.8887,             0.88571,             0.92337,             0.79085,            0.014876,           0.0031178,            0.004232,            0.002707,            0.002707,            0.002707
                 223,            0.021468,            0.010473,            0.016663,             0.92285,             0.89291,             0.93807,             0.80885,            0.014252,            0.002996,           0.0039546,            0.002674,            0.002674,            0.002674
                 224,            0.021003,            0.010512,             0.01742,             0.92954,             0.87359,             0.93679,             0.80583,            0.014603,           0.0029608,           0.0045651,            0.002641,            0.002641,            0.002641
                 225,            0.021679,            0.010299,            0.018598,             0.90545,             0.86341,             0.92664,             0.79925,            0.014729,           0.0031287,           0.0056615,            0.002608,            0.002608,            0.002608
                 226,             0.02021,            0.010759,            0.017984,             0.89368,              0.8963,             0.91497,             0.78329,            0.014606,           0.0032104,           0.0053777,            0.002575,            0.002575,            0.002575
                 227,            0.021918,             0.01057,            0.016554,             0.81416,             0.86698,             0.89804,             0.76839,             0.01475,            0.003346,           0.0050098,            0.002542,            0.002542,            0.002542
                 228,            0.020563,             0.01023,            0.018204,             0.89415,             0.88737,             0.91864,             0.79675,            0.014215,           0.0029356,           0.0045874,            0.002509,            0.002509,            0.002509
                 229,             0.02205,            0.010606,            0.019165,             0.90704,             0.83352,             0.92054,             0.79902,            0.014033,           0.0028847,           0.0052878,            0.002476,            0.002476,            0.002476
                 230,            0.021039,            0.010556,            0.017257,             0.90065,               0.894,             0.93154,             0.80927,            0.014837,           0.0029401,            0.004347,            0.002443,            0.002443,            0.002443
                 231,             0.02103,            0.010532,            0.018546,             0.85764,             0.87181,             0.90682,             0.76614,            0.014649,           0.0032289,           0.0058395,             0.00241,             0.00241,             0.00241
                 232,            0.019903,            0.010186,            0.018395,             0.89959,             0.88555,              0.9503,             0.81011,            0.014267,           0.0029243,           0.0051272,            0.002377,            0.002377,            0.002377
                 233,            0.021596,            0.010609,             0.01923,             0.90175,             0.87061,             0.93614,              0.8047,            0.015622,           0.0030369,           0.0049017,            0.002344,            0.002344,            0.002344
                 234,            0.020479,            0.010277,            0.016664,             0.87101,               0.851,             0.91874,             0.79166,            0.014778,           0.0029692,           0.0044532,            0.002311,            0.002311,            0.002311
                 235,            0.022277,            0.010783,            0.016203,             0.89206,             0.86397,             0.92683,             0.80829,            0.014642,           0.0028435,           0.0039406,            0.002278,            0.002278,            0.002278
                 236,            0.020472,            0.010609,             0.01554,             0.89515,             0.88668,              0.9263,             0.80561,            0.015023,           0.0029326,           0.0035614,            0.002245,            0.002245,            0.002245
                 237,            0.020274,            0.010144,            0.016568,             0.92792,             0.91727,             0.93941,              0.8125,            0.014453,           0.0029313,           0.0034851,            0.002212,            0.002212,            0.002212
                 238,              0.0208,            0.010623,            0.016152,             0.91025,             0.92511,             0.94614,             0.82614,            0.014079,             0.00279,           0.0038903,            0.002179,            0.002179,            0.002179
                 239,            0.019395,            0.010539,            0.016915,             0.89551,             0.89754,             0.93581,             0.81575,            0.014104,           0.0028878,           0.0043541,            0.002146,            0.002146,            0.002146
                 240,            0.018697,            0.010088,            0.017325,             0.90199,             0.87872,             0.93145,             0.80821,            0.013443,           0.0029932,           0.0046085,            0.002113,            0.002113,            0.002113
                 241,            0.021159,            0.010638,            0.016013,              0.9285,             0.86262,             0.93535,             0.81828,            0.012887,           0.0029563,           0.0039667,             0.00208,             0.00208,             0.00208
                 242,            0.018949,            0.010022,            0.014891,             0.90084,             0.92124,             0.93437,              0.8197,            0.013267,           0.0028685,            0.004335,            0.002047,            0.002047,            0.002047
                 243,            0.020754,            0.010011,             0.01636,             0.86347,             0.89837,             0.92062,             0.78907,            0.014476,           0.0030527,           0.0042352,            0.002014,            0.002014,            0.002014
                 244,            0.018773,            0.009883,             0.01553,             0.94939,             0.86073,               0.935,             0.81157,            0.013498,           0.0029173,           0.0045698,            0.001981,            0.001981,            0.001981
                 245,            0.020297,            0.010559,            0.018707,             0.94366,             0.89739,             0.95212,             0.82522,            0.013237,           0.0027996,            0.003771,            0.001948,            0.001948,            0.001948
                 246,            0.019339,            0.010162,            0.016885,             0.92215,             0.89113,             0.93461,             0.81036,            0.013657,           0.0028037,           0.0043417,            0.001915,            0.001915,            0.001915
                 247,            0.019696,           0.0099852,            0.017028,             0.91194,             0.92045,             0.94408,             0.83281,            0.014653,           0.0028451,           0.0037279,            0.001882,            0.001882,            0.001882
                 248,             0.01982,             0.01018,            0.017263,              0.8657,             0.85925,             0.92171,             0.80654,            0.014227,           0.0028206,           0.0041454,            0.001849,            0.001849,            0.001849
                 249,            0.019627,             0.01016,            0.015555,             0.89723,             0.90389,             0.95304,              0.8382,             0.01358,           0.0027166,           0.0038668,            0.001816,            0.001816,            0.001816
                 250,            0.018434,           0.0093108,            0.014972,             0.89943,             0.84629,             0.92612,             0.79335,            0.014257,           0.0030155,           0.0043023,            0.001783,            0.001783,            0.001783
                 251,             0.01973,            0.010308,            0.016298,             0.88914,             0.87908,             0.93263,             0.81318,            0.013953,           0.0028097,           0.0049043,             0.00175,             0.00175,             0.00175
                 252,            0.020159,            0.010496,             0.01669,             0.92191,             0.88383,             0.93058,             0.81077,            0.013276,           0.0028454,           0.0044235,            0.001717,            0.001717,            0.001717
                 253,            0.020913,            0.009665,            0.017412,             0.91094,             0.89382,             0.93401,             0.82822,            0.014243,             0.00273,           0.0046031,            0.001684,            0.001684,            0.001684
                 254,            0.019654,            0.010137,            0.016848,             0.94773,             0.90961,             0.93725,             0.82223,            0.013549,           0.0028054,            0.004126,            0.001651,            0.001651,            0.001651
                 255,            0.019944,            0.010243,            0.015528,             0.91194,             0.90047,              0.9427,             0.82258,            0.014962,            0.002852,           0.0031567,            0.001618,            0.001618,            0.001618
                 256,            0.019393,            0.010031,            0.013835,             0.84235,             0.91984,             0.92362,             0.78918,            0.015423,           0.0030577,           0.0033057,            0.001585,            0.001585,            0.001585
                 257,            0.019817,            0.010063,            0.017558,              0.9246,              0.9099,             0.95085,              0.8419,            0.014232,           0.0027815,           0.0034236,            0.001552,            0.001552,            0.001552
                 258,            0.019871,           0.0099289,             0.01514,             0.92221,             0.90262,             0.93946,             0.82644,            0.013319,           0.0027719,           0.0037436,            0.001519,            0.001519,            0.001519
                 259,            0.018719,           0.0098711,            0.015718,             0.90242,             0.93385,             0.93941,             0.83052,            0.013937,           0.0027382,            0.004321,            0.001486,            0.001486,            0.001486
                 260,            0.018459,            0.009551,            0.016541,             0.93914,              0.8869,             0.93444,             0.82868,            0.014136,           0.0027496,           0.0044902,            0.001453,            0.001453,            0.001453
                 261,            0.019409,           0.0098176,            0.015011,             0.82937,             0.80778,             0.85421,             0.70562,            0.015659,           0.0033418,           0.0076335,             0.00142,             0.00142,             0.00142
                 262,            0.018767,           0.0095764,            0.014669,             0.93825,             0.87531,             0.94018,             0.82133,            0.014539,           0.0027022,           0.0048759,            0.001387,            0.001387,            0.001387
                 263,            0.018363,           0.0095589,            0.014858,             0.95824,              0.8247,              0.9458,             0.83964,            0.014608,           0.0026668,           0.0041444,            0.001354,            0.001354,            0.001354
                 264,            0.018921,           0.0097035,            0.015494,             0.90102,             0.86529,             0.92889,             0.82197,            0.014342,           0.0026221,           0.0053257,            0.001321,            0.001321,            0.001321
                 265,            0.020054,             0.01021,            0.016705,             0.94142,             0.85525,             0.93477,             0.81894,            0.014387,           0.0028072,           0.0037803,            0.001288,            0.001288,            0.001288
                 266,             0.01907,           0.0095086,            0.016835,             0.89159,             0.92348,             0.94342,             0.82639,            0.013623,            0.002766,           0.0036319,            0.001255,            0.001255,            0.001255
                 267,            0.019084,           0.0097139,            0.016494,             0.92619,             0.91012,             0.94581,                0.84,            0.013608,           0.0026908,           0.0036741,            0.001222,            0.001222,            0.001222
                 268,             0.01893,           0.0095298,            0.016363,             0.85724,             0.78512,             0.85312,             0.71414,            0.014877,           0.0032803,            0.006478,            0.001189,            0.001189,            0.001189
                 269,            0.018775,            0.009886,            0.015442,             0.90973,             0.92974,             0.94461,             0.83794,             0.01405,           0.0028192,           0.0032057,            0.001156,            0.001156,            0.001156
                 270,            0.018342,            0.009848,            0.013407,             0.89816,              0.9081,             0.94527,             0.82573,            0.013431,           0.0027851,           0.0043913,            0.001123,            0.001123,            0.001123
                 271,            0.018113,           0.0097068,            0.013955,             0.93001,             0.90517,             0.94193,             0.83159,            0.013308,           0.0026656,           0.0046383,             0.00109,             0.00109,             0.00109
                 272,            0.017796,           0.0093837,            0.016317,             0.95125,              0.8788,             0.93758,             0.82743,            0.013572,           0.0027293,           0.0045201,            0.001057,            0.001057,            0.001057
                 273,            0.019156,           0.0099254,            0.014858,             0.95519,             0.87549,             0.93791,             0.83415,             0.01344,           0.0027016,           0.0045716,            0.001024,            0.001024,            0.001024
                 274,            0.018603,            0.010134,            0.014244,             0.95584,             0.86889,             0.94182,             0.83244,            0.013556,             0.00265,           0.0046462,            0.000991,            0.000991,            0.000991
                 275,            0.019624,           0.0099684,            0.014527,             0.92321,             0.93481,             0.95237,             0.85059,            0.013468,            0.002625,           0.0042044,            0.000958,            0.000958,            0.000958
                 276,            0.019104,            0.009716,            0.014187,             0.94279,              0.8814,             0.94177,             0.83861,            0.013386,           0.0026153,           0.0047211,            0.000925,            0.000925,            0.000925
                 277,             0.01676,           0.0095495,            0.014147,             0.89233,             0.91529,              0.9399,             0.82501,            0.013458,             0.00264,            0.004302,            0.000892,            0.000892,            0.000892
                 278,            0.018658,           0.0096963,            0.013357,             0.92194,             0.92171,             0.94458,             0.83716,            0.013585,           0.0025986,           0.0037755,            0.000859,            0.000859,            0.000859
                 279,            0.019088,           0.0094356,            0.013835,             0.94216,             0.92646,             0.95013,             0.84717,            0.013063,           0.0025936,           0.0034508,            0.000826,            0.000826,            0.000826
                 280,             0.01971,           0.0094786,            0.014779,             0.93461,             0.92766,             0.94928,             0.85349,            0.013178,           0.0025495,           0.0038777,            0.000793,            0.000793,            0.000793
                 281,            0.017421,            0.009504,            0.011569,             0.91291,             0.91413,             0.94362,             0.84211,            0.013726,           0.0025678,           0.0040658,             0.00076,             0.00076,             0.00076
                 282,            0.017679,           0.0097321,            0.013067,             0.90398,             0.91575,             0.94764,             0.84645,            0.013609,           0.0025386,           0.0043095,            0.000727,            0.000727,            0.000727
                 283,            0.018328,           0.0091814,            0.014619,             0.91548,             0.93853,             0.95571,               0.858,            0.013945,            0.002513,           0.0042581,            0.000694,            0.000694,            0.000694
                 284,            0.018663,           0.0096006,            0.012713,              0.9234,             0.91419,             0.95027,             0.84951,            0.013953,           0.0025954,           0.0037729,            0.000661,            0.000661,            0.000661
                 285,            0.016942,           0.0094023,            0.013795,             0.92391,             0.91634,             0.95185,             0.85087,            0.013753,           0.0026755,           0.0033437,            0.000628,            0.000628,            0.000628
                 286,            0.017437,           0.0096888,            0.011803,             0.92599,             0.91975,             0.95762,             0.85431,             0.01353,           0.0026143,            0.003618,            0.000595,            0.000595,            0.000595
                 287,            0.018439,           0.0091958,             0.01317,             0.93792,             0.95116,             0.96053,             0.85577,            0.013422,           0.0025629,           0.0038664,            0.000562,            0.000562,            0.000562
                 288,            0.017527,           0.0090929,            0.013153,             0.91323,             0.94283,              0.9591,             0.85779,            0.013219,           0.0025097,           0.0043107,            0.000529,            0.000529,            0.000529
                 289,            0.018034,            0.009272,            0.012141,             0.93148,             0.92246,             0.95366,             0.85414,            0.013259,           0.0025037,           0.0044934,            0.000496,            0.000496,            0.000496
                 290,            0.017677,           0.0095435,            0.012708,             0.92713,             0.93279,             0.94762,             0.84779,            0.013477,            0.002541,           0.0045661,            0.000463,            0.000463,            0.000463
                 291,            0.017461,           0.0091267,            0.011089,             0.92691,             0.92664,             0.94775,               0.848,            0.013675,           0.0025582,           0.0044837,             0.00043,             0.00043,             0.00043
                 292,            0.016775,            0.009416,            0.012856,             0.91302,             0.93254,             0.95419,             0.85247,            0.013811,           0.0025303,           0.0043546,            0.000397,            0.000397,            0.000397
                 293,            0.017877,           0.0093741,            0.011775,             0.93043,             0.94032,             0.95608,             0.85767,            0.013928,           0.0025182,           0.0039499,            0.000364,            0.000364,            0.000364
                 294,            0.019099,           0.0091722,            0.014281,             0.92774,             0.94082,              0.9586,             0.85559,            0.013978,           0.0025025,            0.003848,            0.000331,            0.000331,            0.000331
                 295,            0.017844,           0.0092924,            0.013248,             0.93431,             0.93505,              0.9546,             0.85367,            0.013736,           0.0025508,           0.0037062,            0.000298,            0.000298,            0.000298
                 296,            0.017129,           0.0094273,             0.01196,             0.92145,             0.94821,             0.95435,             0.85236,            0.013633,           0.0025344,           0.0035781,            0.000265,            0.000265,            0.000265
                 297,            0.017581,           0.0086425,            0.011446,             0.90977,             0.94622,             0.95324,              0.8546,            0.013361,           0.0025334,           0.0036956,            0.000232,            0.000232,            0.000232
                 298,            0.017694,           0.0094451,            0.010474,              0.9318,              0.9185,             0.95201,             0.85417,            0.013282,           0.0025303,           0.0037065,            0.000199,            0.000199,            0.000199
                 299,            0.017986,           0.0092218,            0.011931,             0.92892,              0.9212,             0.95149,              0.8528,             0.01318,           0.0025393,           0.0036644,            0.000166,            0.000166,            0.000166
